['Oral-B Pro 2 2500 Zwart - Elektrische Tandenborstel'],https://bol.com//nl/p/oral-b-pro-2-2500-zwart-elektrische-tandenborstel/9200000095000966/
['Oral-B Pro 790 CrossAction - Elektrische Tandenborstel - 2 stuks'],https://bol.com//nl/p/oral-b-pro-790-crossaction-elektrische-tandenborstel-2-stuks/9200000081425358/
['Oral-B Vitality 100 CrossAction Wit - Elektrische Tandenborstel'],https://bol.com//nl/p/oral-b-vitality-100-crossaction-wit-elektrische-tandenborstel/9200000095000924/
['Oral-B PRO 2 2500 CrossAction - Elektrische Tandenborstel'],https://bol.com//nl/p/oral-b-pro-2-2500-crossaction-elektrische-tandenborstel/9200000078085320/
['Oral-B Genius 8900 Zilver - Duopack 2 stuks - Elektrische Tandenborstel'],https://bol.com//nl/p/oral-b-genius-8900-zilver-duopack-2-stuks-elektrische-tandenborstel/9200000078111443/
['Oral-B Genius X 20000 Luxe Edition Antracietgrijs - Elektrische Tandenborstel'],https://bol.com//nl/p/oral-b-genius-x-20000-luxe-edition-antracietgrijs-elektrische-tandenborstel/9200000109337188/
['Oral-B Pro 2 2900 CrossAction Zwart - Duopack 2 stuks - Elektrische Tandenborstel'],https://bol.com//nl/p/oral-b-pro-2-2900-crossaction-zwart-duopack-2-stuks-elektrische-tandenborstel/9200000080184699/
['Oral-B Smart 4 4900 Zwart En Roze - Duopack 2 stuks - Elektrische Tandenborstel'],https://bol.com//nl/p/oral-b-smart-4-4900-zwart-roze-duopack-2-stuks-elektrische-tandenborstel/9200000078085312/
['Philips Sonicare ProtectiveClean 4500 HX6830/47 - Elektrische tandenborstel'],https://bol.com//nl/p/philips-sonicare-protectiveclean-4500-hx6830-47-elektrische-tandenborstel/9200000093063167/
['Oral-B Genius 10000N - Elektrische Tandenborstel - Wit'],https://bol.com//nl/p/oral-b-genius-10000n-elektrische-tandenborstel-wit/9200000095001008/
['Oral-B PRO 2 2950N - Elektrische Tandenborstel - Zwart En Roze'],https://bol.com//nl/p/oral-b-pro-2-2950n-elektrische-tandenborstel-zwart-roze/9200000081425384/
['Oral-B Stages Power Kids Disney Frozen - Elektrische Tandenborstel'],https://bol.com//nl/p/oral-b-stages-power-kids-disney-frozen-elektrische-tandenborstel/9200000054692842/
['Oral-B Junior Paars - Elektrische Tandenborstel'],https://bol.com//nl/p/oral-b-junior-paars-elektrische-tandenborstel/9200000095256697/
['Philips Sonicare ProtectiveClean 4300 HX6807/63 - Elektrische tandenborstel'],https://bol.com//nl/p/philips-sonicare-protectiveclean-4300-hx6807-63-elektrische-tandenborstel/9200000092109411/
['Oral-B Vitality 100 CrossAction Zwart - Elektrische Tandenborstel'],https://bol.com//nl/p/oral-b-vitality-100-crossaction-zwart-elektrische-tandenborstel/9200000095609041/
['Oral-B Vitality CrossAction Elektrische Tandenborstel'],https://bol.com//nl/p/oral-b-vitality-crossaction-elektrische-tandenborstel/9200000051028815/
['Philips Sonicare HealthyWhite HX6712/43 - Elektrische tandenborstel - Wit'],https://bol.com//nl/p/philips-sonicare-healthywhite-hx6712-43-elektrische-tandenborstel-wit/9200000025733301/
['Oral-B Genius 20900N Roségoud En Zwart - Duopack 2 stuks - Elektrische Tandenborstel'],https://bol.com//nl/p/oral-b-genius-20900n-rosegoud-zwart-duopack-2-stuks-elektrische-tandenborstel/9200000119848476/
['Oral-B Smartseries Teen - Elektrische Tandenborstel'],https://bol.com//nl/p/oral-b-smartseries-teen-elektrische-tandenborstel/9200000095281195/
['Oral-B Stages Power Kids Disney Cars - Elektrische Tandenborstel'],https://bol.com//nl/p/oral-b-stages-power-kids-disney-cars-elektrische-tandenborstel/9200000046224789/
['Oral-B Genius 10000N - Elektrische Tandenborstel - Zwart'],https://bol.com//nl/p/oral-b-genius-10000n-elektrische-tandenborstel-zwart/9200000095000936/
['Oral-B Pro 2 2000N CrossAction Blauw - Elektrische Tandenborstel'],https://bol.com//nl/p/oral-b-pro-2-2000n-crossaction-blauw-elektrische-tandenborstel/9200000078085272/
['Oral B Pro 700 CrossAction - Elektrische Tandenborstel'],https://bol.com//nl/p/oral-b-pro-700-crossaction-elektrische-tandenborstel/9200000046564665/
['Oral-B Genius Special Edition Roségoud - Elektrische Tandenborstel'],https://bol.com//nl/p/oral-b-genius-special-edition-rosegoud-elektrische-tandenborstel/9200000109285260/
